{
  "type": "crafting_shapeless",
  "category": "equipment",
  "ingredients": [
    "illagerexp:platinum_infused_netherite_axe",
    "illagerexp:platinum_infused_netherite_pickaxe",
    "illagerexp:platinum_infused_netherite_hoe",
    "illagerexp:platinum_infused_netherite_shovel"
  ],
  "result": {
    "count": 1,
    "id": "illagerexp:platinum_infused_netherite_pickaxe",
    "components": {
      "lore": [
        {
          "text": "Multitool",
          "color": "aqua",
          "italic": false
        }
      ],
      "custom_data": {
        "jakobe": [
          "illagerexp:platinum_infused_netherite"
        ]
      },
      "max_damage": 9999,
      "tool": {
        "rules": [
          {
            "blocks": "#jakobe:diamond",
            "speed": 12,
            "correct_for_drops": true
          }
        ]
      }
    }
  }
}